Workbook

Sheet জমা ও খরচ
A1: 🍽️ মেস খাবার হিসাব
A2: Meal Tracker — Tanim, Kafil, Shifat, Fahim, Tomal
A4: 💰 জমার হিসাব (কে কত টাকা দিয়েছে)
A5: নাম | B5: ১ম জমা | C5: ২য় জমা | D5: ৩য় জমা | E5: ৪র্থ জমা | F5: ৫ম জমা | G5: মোট জমা | H5: নোট
A6: Tanim | B6: 0 | C6: 0 | D6: 0 | E6: 0 | F6: 0 | G6: =SUM(B6:F6)
A7: Kafil | B7: 0 | C7: 0 | D7: 0 | E7: 0 | F7: 0 | G7: =SUM(B7:F7)
A8: Shifat | B8: 0 | C8: 0 | D8: 0 | E8: 0 | F8: 0 | G8: =SUM(B8:F8)
A9: Fahim | B9: 0 | C9: 0 | D9: 0 | E9: 0 | F9: 0 | G9: =SUM(B9:F9)
A10: Tomal | B10: 0 | C10: 0 | D10: 0 | E10: 0 | F10: 0 | G10: =SUM(B10:F10)
A11: মোট জমা (সবার) | G11: =SUM(G6:G10)

Sheet মিল হিসাব
A1: 🍽️ মিল হিসাব (কে কত মিল খেয়েছে)
A2: তারিখ | B2: Tanim | C2: Kafil | D2: Shifat | E2: Fahim | F2: Tomal | G2: মোট মিল | H2: বাজার খরচ (৳) | I2: নোট
A3: দিন 1 | B3: 0 | C3: 0 | D3: 0 | E3: 0 | F3: 0 | G3: =SUM(B3:F3) | H3: 0
A4: দিন 2 | B4: 0 | C4: 0 | D4: 0 | E4: 0 | F4: 0 | G4: =SUM(B4:F4) | H4: 0
A5: দিন 3 | B5: 0 | C5: 0 | D5: 0 | E5: 0 | F5: 0 | G5: =SUM(B5:F5) | H5: 0
A6: দিন 4 | B6: 0 | C6: 0 | D6: 0 | E6: 0 | F6: 0 | G6: =SUM(B6:F6) | H6: 0
A7: দিন 5 | B7: 0 | C7: 0 | D7: 0 | E7: 0 | F7: 0 | G7: =SUM(B7:F7) | H7: 0
A8: দিন 6 | B8: 0 | C8: 0 | D8: 0 | E8: 0 | F8: 0 | G8: =SUM(B8:F8) | H8: 0
A9: দিন 7 | B9: 0 | C9: 0 | D9: 0 | E9: 0 | F9: 0 | G9: =SUM(B9:F9) | H9: 0
A10: দিন 8 | B10: 0 | C10: 0 | D10: 0 | E10: 0 | F10: 0 | G10: =SUM(B10:F10) | H10: 0
A11: দিন 9 | B11: 0 | C11: 0 | D11: 0 | E11: 0 | F11: 0 | G11: =SUM(B11:F11) | H11: 0
A12: দিন 10 | B12: 0 | C12: 0 | D12: 0 | E12: 0 | F12: 0 | G12: =SUM(B12:F12) | H12: 0
A13: দিন 11 | B13: 0 | C13: 0 | D13: 0 | E13: 0 | F13: 0 | G13: =SUM(B13:F13) | H13: 0
A14: দিন 12 | B14: 0 | C14: 0 | D14: 0 | E14: 0 | F14: 0 | G14: =SUM(B14:F14) | H14: 0
... A32: দিন 30 | B32: 0 | C32: 0 | D32: 0 | E32: 0 | F32: 0 | G32: =SUM(B32:F32) | H32: 0
A33: মোট | B33: =SUM(B3:B32) | C33: =SUM(C3:C32) | D33: =SUM(D3:D32) | E33: =SUM(E3:E32) | F33: =SUM(F3:F32) | G33: =SUM(G3:G32) | H33: =SUM(H3:H32)

Sheet সারসংক্ষেপ
A1: 📊 মেস হিসাব সারসংক্ষেপ
A2: মিলের রেট হিসাব → মোট বাজার খরচ ÷ মোট মিল সংখ্যা | E2: ='মিল হিসাব'!H33/'মিল হিসাব'!G33
A3: নাম | B3: মোট জমা (৳) | C3: মোট মিল | D3: প্রতি মিলের রেট (৳) | E3: মোট বিল (৳) | F3: বাকি/ফেরত (৳)
A4: Tanim | B4: ='জমা ও খরচ'!G6 | C4: ='মিল হিসাব'!B33 | D4: =E2 | E4: =C4*D4 | F4: =B4-E4
A5: Kafil | B5: ='জমা ও খরচ'!G7 | C5: ='মিল হিসাব'!C33 | D5: =E2 | E5: =C5*D5 | F5: =B5-E5
A6: Shifat | B6: ='জমা ও খরচ'!G8 | C6: ='মিল হিসাব'!D33 | D6: =E2 | E6: =C6*D6 | F6: =B6-E6
A7: Fahim | B7: ='জমা ও খরচ'!G9 | C7: ='মিল হিসাব'!E33 | D7: =E2 | E7: =C7*D7 | F7: =B7-E7
A8: Tomal | B8: ='জমা ও খরচ'!G10 | C8: ='মিল হিসাব'!F33 | D8: =E2 | E8: =C8*D8 | F8: =B8-E8
A9: মোট | B9: =SUM(B4:B8) | C9: =SUM(C4:C8) | E9: =SUM(E4:E8) | F9: =SUM(F4:F8)
A11: 📌 সহায়িকা:
A12: ✅ বাকি/ফেরত কলামে (+) মানে তার টাকা ফেরত পাবে
A13: ❌ বাকি/ফেরত কলামে (-) মানে তাকে আরও টাকা দিতে হবে
A14: 🔄 মিল হিসাব শিটে প্রতিদিনের মিল সংখ্যা ও বাজার খরচ এন্ট্রি দিন
A15: 💵 জমা ও খরচ শিটে কে কত টাকা জমা দিয়েছে সেটা এন্ট্রি দিন
